-- Seed data for Football CMS
-- Contents extracted from Flag Day Statistics documents

-- [0] ADMIN USER
INSERT INTO public.admin_users (id, name, email, password_hash, role, title, active)
VALUES ('00000000-0000-0000-0000-000000000000', 'Admin', 'admin@football.com', '$2b$10$VHxEcFxgm.Evl6ERmX1fwuu4DyLfWzZ8PZaOMwdcg9xIyc6UPNJsC', 'super_admin', 'Directeur Technique', true)
ON CONFLICT (email) DO NOTHING;

-- [1] COMPETITION
INSERT INTO flagday_competitions (id, name, slug, season, active)
VALUES ('77777777-7777-7777-7777-777777777777', 'Flag Day', 'flag-day-2024', '2024', true)
ON CONFLICT (id) DO NOTHING;

-- [2] CATEGORIES
INSERT INTO flagday_categories (id, competition_id, name, sort_order) VALUES
('c1000000-0000-0000-0000-000000000001', '77777777-7777-7777-7777-777777777777', 'U9', 1),
('c1000000-0000-0000-0000-000000000002', '77777777-7777-7777-7777-777777777777', 'U11', 2),
('c1000000-0000-0000-0000-000000000003', '77777777-7777-7777-7777-777777777777', 'U13', 3),
('c1000000-0000-0000-0000-000000000004', '77777777-7777-7777-7777-777777777777', 'U15', 4),
('c1000000-0000-0000-0000-000000000005', '77777777-7777-7777-7777-777777777777', 'U17', 5),
('c1000000-0000-0000-0000-000000000006', '77777777-7777-7777-7777-777777777777', 'U21', 6)
ON CONFLICT (id) DO NOTHING;

-- [3] TEAMS (Shared across categories for simplicity in seed)
INSERT INTO flagday_teams (id, name, slug) VALUES
('b1000000-0000-0000-0000-000000000001', 'Fc Toro Elite', 'fc-toro-elite'),
('b1000000-0000-0000-0000-000000000002', 'CSP', 'csp'),
('b1000000-0000-0000-0000-000000000003', 'Fc Colonne', 'fc-colonne'),
('b1000000-0000-0000-0000-000000000004', 'PAC', 'pac'),
('b1000000-0000-0000-0000-000000000005', 'Jacot FP', 'jacot-fp'),
('b1000000-0000-0000-0000-000000000006', 'Valencia', 'valencia'),
('b1000000-0000-0000-0000-000000000007', 'Condor EF', 'condor-ef'),
('b1000000-0000-0000-0000-000000000008', 'ASF', 'asf'),
('b1000000-0000-0000-0000-000000000009', 'Fc Toro PV', 'fc-toro-pv'),
('b1000000-0000-0000-0000-000000000010', 'AST', 'ast'),
('b1000000-0000-0000-0000-000000000011', 'FC MDM', 'fc-mdm'),
('b1000000-0000-0000-0000-000000000012', 'Star des Jeunes', 'star-des-jeunes'),
('b1000000-0000-0000-0000-000000000013', 'Fc Seth', 'fc-seth'),
('b1000000-0000-0000-0000-000000000014', 'Fc Flambo', 'fc-flambo'),
('b1000000-0000-0000-0000-000000000015', 'Perfection', 'perfection'),
('b1000000-0000-0000-0000-000000000016', 'Idelo FC', 'idelo-fc'),
('b1000000-0000-0000-0000-000000000017', 'Legend EF', 'legend-ef'),
('b1000000-0000-0000-0000-000000000018', 'SLG', 'slg'),
('b1000000-0000-0000-0000-000000000019', 'Rev United', 'rev-united'),
('b1000000-0000-0000-0000-000000000020', 'ADE30', 'ade30'),
('b1000000-0000-0000-0000-000000000021', 'Saint Louis de G', 'saint-louis-de-g'),
('b1000000-0000-0000-0000-000000000022', 'Violette AC', 'violette-ac'),
('b1000000-0000-0000-0000-000000000023', 'Aigle Noir', 'aigle-noir'),
('b1000000-0000-0000-0000-000000000024', 'Academie Perf', 'academie-perf'),
('b1000000-0000-0000-0000-000000000025', 'Jacot F Passion', 'jacot-f-passion')
ON CONFLICT (id) DO NOTHING;

-- [4] STANDINGS (Snapshots from documents)

-- U9 Standings
INSERT INTO flagday_standings (category_id, team_id, group_name, played, won, drawn, lost, goals_for, goals_against, points, rank_position, is_qualified) VALUES
('c1000000-0000-0000-0000-000000000001', 'b1000000-0000-0000-0000-000000000001', 'A', 2, 2, 0, 0, 7, 0, 6, 1, true),
('c1000000-0000-0000-0000-000000000001', 'b1000000-0000-0000-0000-000000000002', 'A', 2, 1, 1, 0, 2, 1, 4, 2, true),
('c1000000-0000-0000-0000-000000000001', 'b1000000-0000-0000-0000-000000000003', 'A', 2, 0, 1, 1, 0, 3, 1, 3, false),
('c1000000-0000-0000-0000-000000000001', 'b1000000-0000-0000-0000-000000000004', 'A', 2, 0, 0, 2, 1, 6, 0, 4, false),
('c1000000-0000-0000-0000-000000000001', 'b1000000-0000-0000-0000-000000000005', 'B', 2, 0, 2, 0, 0, 0, 2, 2, false),
('c1000000-0000-0000-0000-000000000001', 'b1000000-0000-0000-0000-000000000006', 'B', 1, 0, 0, 1, 0, 1, 0, 4, false),
('c1000000-0000-0000-0000-000000000001', 'b1000000-0000-0000-0000-000000000007', 'B', 1, 0, 1, 0, 0, 0, 1, 3, false),
('c1000000-0000-0000-0000-000000000001', 'b1000000-0000-0000-0000-000000000008', 'B', 2, 1, 1, 0, 1, 0, 4, 1, true);

-- U11 Standings
INSERT INTO flagday_standings (category_id, team_id, group_name, played, won, drawn, lost, goals_for, goals_against, points, rank_position, is_qualified) VALUES
('c1000000-0000-0000-0000-000000000002', 'b1000000-0000-0000-0000-000000000001', 'A', 2, 2, 0, 0, 8, 0, 6, 1, true),
('c1000000-0000-0000-0000-000000000002', 'b1000000-0000-0000-0000-000000000009', 'A', 2, 0, 1, 1, 0, 2, 1, 3, false),
('c1000000-0000-0000-0000-000000000002', 'b1000000-0000-0000-0000-000000000006', 'A', 2, 0, 1, 1, 0, 6, 1, 4, false),
('c1000000-0000-0000-0000-000000000002', 'b1000000-0000-0000-0000-000000000010', 'A', 2, 1, 0, 1, 2, 2, 3, 2, true),
('c1000000-0000-0000-0000-000000000002', 'b1000000-0000-0000-0000-000000000025', 'B', 2, 0, 0, 2, 3, 6, 0, 4, false),
('c1000000-0000-0000-0000-000000000002', 'b1000000-0000-0000-0000-000000000008', 'B', 2, 0, 1, 1, 1, 2, 1, 3, false),
('c1000000-0000-0000-0000-000000000002', 'b1000000-0000-0000-0000-000000000011', 'B', 2, 2, 0, 0, 4, 1, 6, 1, true),
('c1000000-0000-0000-0000-000000000002', 'b1000000-0000-0000-0000-000000000012', 'B', 2, 1, 1, 0, 4, 3, 4, 2, true);

-- U13 Standings
INSERT INTO flagday_standings (category_id, team_id, group_name, played, won, drawn, lost, goals_for, goals_against, points, rank_position, is_qualified) VALUES
('c1000000-0000-0000-0000-000000000003', 'b1000000-0000-0000-0000-000000000001', 'A', 3, 2, 1, 0, 7, 2, 7, 1, true),
('c1000000-0000-0000-0000-000000000003', 'b1000000-0000-0000-0000-000000000013', 'A', 3, 1, 1, 1, 3, 3, 4, 2, true),
('c1000000-0000-0000-0000-000000000003', 'b1000000-0000-0000-0000-000000000014', 'A', 2, 0, 0, 2, 2, 5, 0, 4, false),
('c1000000-0000-0000-0000-000000000003', 'b1000000-0000-0000-0000-000000000015', 'A', 2, 1, 0, 1, 1, 3, 3, 3, false),
('c1000000-0000-0000-0000-000000000003', 'b1000000-0000-0000-0000-000000000006', 'B', 3, 0, 0, 3, 2, 5, 0, 4, false),
('c1000000-0000-0000-0000-000000000003', 'b1000000-0000-0000-0000-000000000004', 'B', 3, 1, 0, 2, 3, 11, 3, 3, true),
('c1000000-0000-0000-0000-000000000003', 'b1000000-0000-0000-0000-000000000011', 'B', 2, 2, 0, 0, 7, 3, 6, 2, true),
('c1000000-0000-0000-0000-000000000003', 'b1000000-0000-0000-0000-000000000008', 'B', 2, 2, 0, 0, 8, 1, 6, 1, true);

-- U15 Standings
INSERT INTO flagday_standings (category_id, team_id, group_name, played, won, drawn, lost, goals_for, goals_against, points, rank_position, is_qualified) VALUES
('c1000000-0000-0000-0000-000000000004', 'b1000000-0000-0000-0000-000000000001', 'A', 3, 2, 0, 1, 4, 2, 6, 1, true),
('c1000000-0000-0000-0000-000000000004', 'b1000000-0000-0000-0000-000000000008', 'A', 3, 2, 0, 1, 3, 3, 6, 2, true),
('c1000000-0000-0000-0000-000000000004', 'b1000000-0000-0000-0000-000000000016', 'A', 2, 1, 0, 1, 3, 2, 3, 3, false),
('c1000000-0000-0000-0000-000000000004', 'b1000000-0000-0000-0000-000000000017', 'A', 2, 0, 0, 2, 0, 3, 0, 4, false),
('c1000000-0000-0000-0000-000000000004', 'b1000000-0000-0000-0000-000000000014', 'B', 3, 1, 0, 2, 2, 3, 3, 3, false),
('c1000000-0000-0000-0000-000000000004', 'b1000000-0000-0000-0000-000000000007', 'B', 3, 2, 1, 0, 8, 2, 7, 1, true),
('c1000000-0000-0000-0000-000000000004', 'b1000000-0000-0000-0000-000000000011', 'B', 2, 0, 0, 2, 1, 7, 0, 4, false),
('c1000000-0000-0000-0000-000000000004', 'b1000000-0000-0000-0000-000000000009', 'B', 2, 1, 1, 0, 1, 0, 4, 2, true);

-- U17 Standings
INSERT INTO flagday_standings (category_id, team_id, group_name, played, won, drawn, lost, goals_for, goals_against, points, rank_position, is_qualified) VALUES
('c1000000-0000-0000-0000-000000000005', 'b1000000-0000-0000-0000-000000000001', 'A', 3, 2, 0, 1, 4, 3, 6, 1, true),
('c1000000-0000-0000-0000-000000000005', 'b1000000-0000-0000-0000-000000000007', 'A', 3, 1, 0, 2, 4, 4, 3, 3, false),
('c1000000-0000-0000-0000-000000000005', 'b1000000-0000-0000-0000-000000000018', 'A', 2, 1, 0, 1, 5, 4, 3, 2, false),
('c1000000-0000-0000-0000-000000000005', 'b1000000-0000-0000-0000-000000000016', 'A', 2, 1, 0, 1, 1, 3, 3, 4, false),
('c1000000-0000-0000-0000-000000000005', 'b1000000-0000-0000-0000-000000000012', 'B', 3, 3, 0, 0, 4, 0, 9, 1, true),
('c1000000-0000-0000-0000-000000000005', 'b1000000-0000-0000-0000-000000000013', 'B', 3, 1, 0, 2, 2, 3, 3, 3, false),
('c1000000-0000-0000-0000-000000000005', 'b1000000-0000-0000-0000-000000000019', 'B', 2, 1, 0, 1, 2, 2, 3, 2, false),
('c1000000-0000-0000-0000-000000000005', 'b1000000-0000-0000-0000-000000000017', 'B', 2, 0, 0, 2, 0, 3, 0, 4, false);

-- U21 Standings
INSERT INTO flagday_standings (category_id, team_id, group_name, played, won, drawn, lost, goals_for, goals_against, points, rank_position, is_qualified) VALUES
('c1000000-0000-0000-0000-000000000006', 'b1000000-0000-0000-0000-000000000001', 'A', 3, 2, 0, 1, 7, 2, 6, 1, true),
('c1000000-0000-0000-0000-000000000006', 'b1000000-0000-0000-0000-000000000014', 'A', 3, 0, 0, 3, 1, 6, 0, 4, false),
('c1000000-0000-0000-0000-000000000006', 'b1000000-0000-0000-0000-000000000020', 'A', 2, 2, 0, 0, 3, 1, 6, 2, true),
('c1000000-0000-0000-0000-000000000006', 'b1000000-0000-0000-0000-000000000021', 'A', 2, 1, 0, 1, 2, 4, 3, 3, false),
('c1000000-0000-0000-0000-000000000006', 'b1000000-0000-0000-0000-000000000022', 'B', 2, 1, 1, 0, 1, 0, 4, 2, true),
('c1000000-0000-0000-0000-000000000006', 'b1000000-0000-0000-0000-000000000005', 'B', 2, 0, 0, 2, 3, 6, 0, 4, false),
('c1000000-0000-0000-0000-000000000006', 'b1000000-0000-0000-0000-000000000024', 'B', 2, 1, 0, 1, 2, 2, 3, 3, false),
('c1000000-0000-0000-0000-000000000006', 'b1000000-0000-0000-0000-000000000023', 'B', 2, 1, 1, 0, 4, 2, 4, 1, true);

-- [5] TOP SCORERS

-- U9 Scorers
INSERT INTO flagday_top_scorers (category_id, player_name, team_name, goals) VALUES
('c1000000-0000-0000-0000-000000000001', 'Mathis Louis', 'Fc Toro Elite', 3),
('c1000000-0000-0000-0000-000000000001', 'Angelson Fils Aime', 'Fc Toro Elite', 2),
('c1000000-0000-0000-0000-000000000001', 'David Edouard Sampeur', 'ASF', 1),
('c1000000-0000-0000-0000-000000000001', 'Nicolas Bazane', 'CSP', 1);

-- U11 Scorers
INSERT INTO flagday_top_scorers (category_id, player_name, team_name, goals) VALUES
('c1000000-0000-0000-0000-000000000002', 'Momplaisir Tristen', 'Fc Toro Elite', 3),
('c1000000-0000-0000-0000-000000000002', 'Fenelon Levidson', 'Star des Jeunes', 3),
('c1000000-0000-0000-0000-000000000002', 'Jules Giovanni', 'Fc Toro Elite', 2),
('c1000000-0000-0000-0000-000000000002', 'Bolivard Rolph Davens', 'FC MDM', 2);

-- U13 Scorers
INSERT INTO flagday_top_scorers (category_id, player_name, team_name, goals) VALUES
('c1000000-0000-0000-0000-000000000003', 'Richemond Kerry', 'FC MDM', 4),
('c1000000-0000-0000-0000-000000000003', 'Gamael Ricardens', 'ASF', 4),
('c1000000-0000-0000-0000-000000000003', 'Jerry Petit Homme', 'Fc Toro Elite', 3),
('c1000000-0000-0000-0000-000000000003', 'Dieudonné Kenson', 'Fc Toro Elite', 2);

-- U15 Scorers
INSERT INTO flagday_top_scorers (category_id, player_name, team_name, goals) VALUES
('c1000000-0000-0000-0000-000000000004', 'Charles Colson', 'Condor Ef', 3),
('c1000000-0000-0000-0000-000000000004', 'Jeudi Wubens', 'ASF', 2),
('c1000000-0000-0000-0000-000000000004', 'Perrin Dylan', 'Fc Toro Elite', 1),
('c1000000-0000-0000-0000-000000000004', 'Messie Israel', 'Idelo', 1);

-- U17 Scorers
INSERT INTO flagday_top_scorers (category_id, player_name, team_name, goals) VALUES
('c1000000-0000-0000-0000-000000000005', 'Bob Philias', 'SLG', 3),
('c1000000-0000-0000-0000-000000000005', 'Dumay Fernando', 'Star des Jeunes', 2),
('c1000000-0000-0000-0000-000000000005', 'Paul Emerson', 'Fc Toro Elite', 2),
('c1000000-0000-0000-0000-000000000005', 'Charles Christopher', 'Idelo FC', 1);

-- U21 Scorers
INSERT INTO flagday_top_scorers (category_id, player_name, team_name, goals) VALUES
('c1000000-0000-0000-0000-000000000006', 'Paul Jefferson', 'Fc Toro Elite', 2),
('c1000000-0000-0000-0000-000000000006', 'Jeanty Maxime', 'VAC', 1),
('c1000000-0000-0000-0000-000000000006', 'Merger Stanley', 'ADE30', 1),
('c1000000-0000-0000-0000-000000000006', 'Thierry Danilo Luca', 'SLG', 1);

-- [6] BARRAGES (Markers for qualified teams in barrage stage)
INSERT INTO flagday_standings (category_id, team_id, group_name, stage, is_qualified) VALUES
-- U17 Barrages
('c1000000-0000-0000-0000-000000000005', 'b1000000-0000-0000-0000-000000000009', 'A', 'barrage', true),
('c1000000-0000-0000-0000-000000000005', 'b1000000-0000-0000-0000-000000000016', 'A', 'barrage', true),
('c1000000-0000-0000-0000-000000000005', 'b1000000-0000-0000-0000-000000000005', 'B', 'barrage', true),
('c1000000-0000-0000-0000-000000000005', 'b1000000-0000-0000-0000-000000000017', 'B', 'barrage', true);
